uat.siruta,county.code,cc
125347,OT,ot
125472,OT,ot
125418,OT,ot
125542,OT,ot
125622,OT,ot
128105,OT,ot
128374,OT,ot
128711,OT,ot
125677,OT,ot
125659,OT,ot
130286,OT,ot
125757,OT,ot
125846,OT,ot
125873,OT,ot
125962,OT,ot
126022,OT,ot
125999,OT,ot
126077,OT,ot
130295,OT,ot
126166,OT,ot
126102,OT,ot
126148,OT,ot
126228,OT,ot
126326,OT,ot
126380,OT,ot
126406,OT,ot
126503,OT,ot
126433,OT,ot
126585,OT,ot
126647,OT,ot
126674,OT,ot
126718,OT,ot
126772,OT,ot
126825,OT,ot
125490,OT,ot
126905,OT,ot
126978,OT,ot
127019,OT,ot
127064,OT,ot
130302,OT,ot
125588,OT,ot
130311,OT,ot
127126,OT,ot
127144,OT,ot
127171,OT,ot
130320,OT,ot
127224,OT,ot
130339,OT,ot
127251,OT,ot
127288,OT,ot
127322,OT,ot
130348,OT,ot
127368,OT,ot
127386,OT,ot
127411,OT,ot
127493,OT,ot
127536,OT,ot
127563,OT,ot
127625,OT,ot
127689,OT,ot
127714,OT,ot
127750,OT,ot
127812,OT,ot
127858,OT,ot
127901,OT,ot
127938,OT,ot
130357,OT,ot
127983,OT,ot
128178,OT,ot
128052,OT,ot
128221,OT,ot
128301,OT,ot
128436,OT,ot
128472,OT,ot
128524,OT,ot
128560,OT,ot
128588,OT,ot
128882,OT,ot
130366,OT,ot
128613,OT,ot
128659,OT,ot
128864,OT,ot
125374,OT,ot
128962,OT,ot
129040,OT,ot
129095,OT,ot
129111,OT,ot
129139,OT,ot
129184,OT,ot
129246,OT,ot
130384,OT,ot
129282,OT,ot
129317,OT,ot
129380,OT,ot
129460,OT,ot
129503,OT,ot
129567,OT,ot
129585,OT,ot
129629,OT,ot
129656,OT,ot
129718,OT,ot
129745,OT,ot
129763,OT,ot
129987,OT,ot
129816,OT,ot
129898,OT,ot
130375,OT,ot
129914,OT,ot
130026,OT,ot
130062,OT,ot
130124,OT,ot
130231,OT,ot
13169,AG,ag
13490,AG,ag
13622,AG,ag
13668,AG,ag
13301,AG,ag
13392,AG,ag
13757,AG,ag
13819,AG,ag
13891,AG,ag
13935,AG,ag
13999,AG,ag
14049,AG,ag
13187,AG,ag
14085,AG,ag
14165,AG,ag
14272,AG,ag
14450,AG,ag
14352,AG,ag
14405,AG,ag
14584,AG,ag
14673,AG,ag
14726,AG,ag
13276,AG,ag
14753,AG,ag
14851,AG,ag
14922,AG,ag
20063,AG,ag
14940,AG,ag
15064,AG,ag
15108,AG,ag
15233,AG,ag
15313,AG,ag
15402,AG,ag
15448,AG,ag
15493,AG,ag
15554,AG,ag
15652,AG,ag
15741,AG,ag
15830,AG,ag
15901,AG,ag
15983,AG,ag
16132,AG,ag
16285,AG,ag
16329,AG,ag
16365,AG,ag
16427,AG,ag
16454,AG,ag
16472,AG,ag
16506,AG,ag
16551,AG,ag
16613,AG,ag
16659,AG,ag
16739,AG,ag
16757,AG,ag
16908,AG,ag
16944,AG,ag
17049,AG,ag
13365,AG,ag
17101,AG,ag
17209,AG,ag
17254,AG,ag
17334,AG,ag
17398,AG,ag
17423,AG,ag
17496,AG,ag
17575,AG,ag
17619,AG,ag
17726,AG,ag
17771,AG,ag
17824,AG,ag
17851,AG,ag
18028,AG,ag
17913,AG,ag
17968,AG,ag
18162,AG,ag
18242,AG,ag
18331,AG,ag
20048,AG,ag
18411,AG,ag
18475,AG,ag
18527,AG,ag
18554,AG,ag
18581,AG,ag
18670,AG,ag
18741,AG,ag
18778,AG,ag
18858,AG,ag
18938,AG,ag
19007,AG,ag
19114,AG,ag
19141,AG,ag
19212,AG,ag
19249,AG,ag
19338,AG,ag
19392,AG,ag
19560,AG,ag
19631,AG,ag
19695,AG,ag
13524,AG,ag
19793,AG,ag
19999,AG,ag
20055,AG,ag
139704,SJ,sj
139740,SJ,sj
139811,SJ,sj
139884,SJ,sj
139937,SJ,sj
139982,SJ,sj
140084,SJ,sj
140146,SJ,sj
140208,SJ,sj
140244,SJ,sj
140280,SJ,sj
140324,SJ,sj
180037,SJ,sj
140379,SJ,sj
140440,SJ,sj
140477,SJ,sj
140501,SJ,sj
140547,SJ,sj
140583,SJ,sj
140627,SJ,sj
140672,SJ,sj
140770,SJ,sj
140823,SJ,sj
140869,SJ,sj
140958,SJ,sj
141027,SJ,sj
141081,SJ,sj
141134,SJ,sj
141232,SJ,sj
141312,SJ,sj
141376,SJ,sj
141447,SJ,sj
141535,SJ,sj
141580,SJ,sj
141722,SJ,sj
141786,SJ,sj
141884,SJ,sj
141946,SJ,sj
142006,SJ,sj
142079,SJ,sj
142122,SJ,sj
142177,SJ,sj
142239,SJ,sj
142284,SJ,sj
142337,SJ,sj
142373,SJ,sj
142426,SJ,sj
142499,SJ,sj
142550,SJ,sj
142612,SJ,sj
142676,SJ,sj
142710,SJ,sj
142774,SJ,sj
142854,SJ,sj
142881,SJ,sj
179695,SJ,sj
179631,SJ,sj
142952,SJ,sj
143021,SJ,sj
143067,SJ,sj
143147,SJ,sj
179141,B,b
179150,B,b
179169,B,b
179178,B,b
179187,B,b
179196,B,b
174744,VN,vn
174860,VN,vn
174922,VN,vn
175019,VN,vn
175055,VN,vn
175126,VN,vn
175206,VN,vn
175224,VN,vn
178929,VN,vn
175260,VN,vn
175368,VN,vn
175439,VN,vn
175466,VN,vn
174780,VN,vn
175670,VN,vn
175732,VN,vn
175509,VN,vn
175590,VN,vn
175787,VN,vn
175885,VN,vn
175938,VN,vn
175983,VN,vn
176150,VN,vn
176212,VN,vn
174824,VN,vn
178938,VN,vn
176301,VN,vn
176338,VN,vn
176445,VN,vn
176506,VN,vn
176551,VN,vn
176613,VN,vn
176686,VN,vn
176748,VN,vn
176793,VN,vn
176855,VN,vn
176891,VN,vn
178885,VN,vn
176944,VN,vn
177003,VN,vn
178947,VN,vn
177101,VN,vn
178910,VN,vn
177236,VN,vn
178894,VN,vn
177263,VN,vn
178901,VN,vn
177352,VN,vn
177405,VN,vn
178956,VN,vn
177469,VN,vn
177557,VN,vn
177600,VN,vn
177655,VN,vn
177726,VN,vn
177762,VN,vn
178965,VN,vn
177799,VN,vn
177842,VN,vn
177879,VN,vn
177986,VN,vn
178046,VN,vn
178117,VN,vn
178180,VN,vn
178279,VN,vn
178313,VN,vn
178607,VN,vn
178689,VN,vn
178377,VN,vn
178475,VN,vn
178545,VN,vn
178750,VN,vn
178821,VN,vn
143450,SB,sb
143619,SB,sb
143682,SB,sb
144054,SB,sb
143735,SB,sb
143771,SB,sb
143806,SB,sb
144928,SB,sb
143851,SB,sb
145499,SB,sb
145827,SB,sb
146012,SB,sb
143888,SB,sb
143922,SB,sb
143959,SB,sb
143995,SB,sb
144116,SB,sb
144152,SB,sb
144232,SB,sb
144198,SB,sb
144303,SB,sb
146021,SB,sb
144349,SB,sb
144376,SB,sb
144410,SB,sb
144508,SB,sb
144535,SB,sb
144456,SB,sb
143487,SB,sb
144553,SB,sb
144599,SB,sb
144615,SB,sb
144651,SB,sb
144713,SB,sb
144731,SB,sb
144795,SB,sb
144866,SB,sb
144893,SB,sb
144964,SB,sb
144991,SB,sb
145042,SB,sb
145104,SB,sb
145140,SB,sb
145202,SB,sb
145220,SB,sb
145275,SB,sb
143502,SB,sb
145293,SB,sb
145355,SB,sb
143520,SB,sb
145382,SB,sb
145408,SB,sb
145471,SB,sb
145603,SB,sb
145667,SB,sb
145738,SB,sb
143557,SB,sb
145765,SB,sb
145792,SB,sb
143646,SB,sb
145907,SB,sb
145934,SB,sb
145961,SB,sb
145998,SB,sb
35731,BT,bt
36006,BT,bt
36453,BT,bt
35946,BT,bt
37280,BT,bt
36060,BT,bt
39168,BT,bt
40035,BT,bt
36131,BT,bt
36202,BT,bt
36300,BT,bt
39983,BT,bt
36373,BT,bt
36426,BT,bt
36499,BT,bt
39967,BT,bt
36532,BT,bt
36569,BT,bt
36649,BT,bt
36676,BT,bt
36756,BT,bt
39975,BT,bt
36809,BT,bt
36907,BT,bt
36952,BT,bt
35759,BT,bt
37057,BT,bt
37011,BT,bt
39959,BT,bt
37100,BT,bt
37173,BT,bt
37217,BT,bt
37324,BT,bt
37397,BT,bt
37459,BT,bt
37547,BT,bt
37618,BT,bt
37672,BT,bt
37734,BT,bt
37770,BT,bt
37823,BT,bt
37850,BT,bt
39942,BT,bt
37912,BT,bt
37958,BT,bt
38063,BT,bt
38161,BT,bt
38241,BT,bt
38321,BT,bt
38376,BT,bt
38456,BT,bt
38492,BT,bt
38544,BT,bt
38580,BT,bt
35839,BT,bt
38633,BT,bt
38679,BT,bt
38731,BT,bt
38811,BT,bt
38848,BT,bt
38893,BT,bt
35884,BT,bt
38982,BT,bt
39051,BT,bt
39122,BT,bt
39220,BT,bt
39266,BT,bt
39328,BT,bt
39391,BT,bt
39417,BT,bt
39532,BT,bt
39612,BT,bt
39694,BT,bt
39658,BT,bt
39738,BT,bt
39792,BT,bt
39836,BT,bt
39872,BT,bt
130534,PH,ph
131256,PH,ph
130954,PH,ph
130981,PH,ph
131069,PH,ph
131103,PH,ph
131210,PH,ph
131336,PH,ph
131407,PH,ph
131443,PH,ph
131540,PH,ph
131577,PH,ph
131620,PH,ph
131817,PH,ph
131899,PH,ph
131933,PH,ph
131988,PH,ph
132011,PH,ph
132075,PH,ph
132137,PH,ph
132164,PH,ph
132226,PH,ph
132271,PH,ph
132315,PH,ph
130552,PH,ph
136278,PH,ph
130614,PH,ph
132342,PH,ph
130678,PH,ph
132379,PH,ph
130712,PH,ph
132404,PH,ph
130785,PH,ph
132459,PH,ph
132486,PH,ph
132510,PH,ph
132574,PH,ph
132645,PH,ph
132681,PH,ph
136241,PH,ph
132716,PH,ph
132752,PH,ph
132805,PH,ph
132841,PH,ph
132896,PH,ph
133018,PH,ph
133090,PH,ph
131461,PH,ph
133278,PH,ph
133161,PH,ph
133214,PH,ph
133330,PH,ph
133394,PH,ph
133429,PH,ph
133508,PH,ph
133562,PH,ph
133615,PH,ph
133688,PH,ph
131835,PH,ph
133722,PH,ph
133795,PH,ph
133866,PH,ph
133919,PH,ph
133964,PH,ph
134014,PH,ph
134050,PH,ph
134096,PH,ph
134194,PH,ph
136250,PH,ph
134336,PH,ph
130847,PH,ph
134390,PH,ph
134443,PH,ph
131274,PH,ph
134559,PH,ph
134648,PH,ph
134755,PH,ph
134853,PH,ph
134899,PH,ph
134942,PH,ph
135020,PH,ph
135128,PH,ph
135146,PH,ph
135244,PH,ph
135164,PH,ph
135226,PH,ph
135315,PH,ph
135404,PH,ph
135431,PH,ph
135501,PH,ph
135547,PH,ph
135618,PH,ph
135654,PH,ph
135681,PH,ph
130892,PH,ph
135725,PH,ph
135789,PH,ph
135850,PH,ph
135896,PH,ph
136269,PH,ph
135949,PH,ph
136107,PH,ph
136134,PH,ph
136198,PH,ph
167473,VL,vl
167981,VL,vl
168372,VL,vl
167641,VL,vl
167696,VL,vl
168452,VL,vl
168602,VL,vl
167794,VL,vl
167909,VL,vl
168041,VL,vl
168130,VL,vl
168229,VL,vl
168309,VL,vl
168559,VL,vl
168675,VL,vl
168755,VL,vl
168791,VL,vl
168880,VL,vl
168960,VL,vl
169119,VL,vl
169039,VL,vl
169182,VL,vl
169253,VL,vl
169306,VL,vl
169351,VL,vl
169404,VL,vl
174502,VL,vl
169547,VL,vl
169583,VL,vl
169681,VL,vl
169896,VL,vl
169994,VL,vl
170097,VL,vl
170168,VL,vl
170220,VL,vl
170346,VL,vl
170444,VL,vl
170514,VL,vl
170612,VL,vl
174511,VL,vl
170685,VL,vl
170792,VL,vl
170872,VL,vl
170952,VL,vl
171021,VL,vl
171067,VL,vl
171101,VL,vl
171209,VL,vl
171272,VL,vl
171325,VL,vl
171469,VL,vl
174520,VL,vl
171539,VL,vl
171628,VL,vl
171806,VL,vl
171879,VL,vl
171931,VL,vl
171995,VL,vl
172082,VL,vl
172153,VL,vl
172279,VL,vl
172340,VL,vl
172377,VL,vl
172457,VL,vl
172509,VL,vl
172581,VL,vl
172698,VL,vl
172812,VL,vl
172894,VL,vl
172947,VL,vl
172992,VL,vl
173061,VL,vl
173132,VL,vl
173230,VL,vl
173374,VL,vl
173533,VL,vl
173597,VL,vl
173686,VL,vl
173748,VL,vl
173793,VL,vl
173855,VL,vl
174496,VL,vl
173935,VL,vl
174021,VL,vl
174085,VL,vl
174156,VL,vl
174218,VL,vl
174254,VL,vl
174290,VL,vl
100521,GR,gr
101190,GR,gr
104136,GR,gr
100781,GR,gr
101001,GR,gr
101163,GR,gr
101378,GR,gr
101519,GR,gr
101617,GR,gr
101662,GR,gr
101984,GR,gr
102071,GR,gr
102106,GR,gr
179748,GR,gr
102348,GR,gr
102446,GR,gr
102794,GR,gr
102909,GR,gr
103087,GR,gr
103194,GR,gr
103238,GR,gr
103309,GR,gr
103372,GR,gr
103354,GR,gr
103407,GR,gr
103470,GR,gr
179757,GR,gr
103639,GR,gr
103693,GR,gr
179766,GR,gr
103899,GR,gr
103997,GR,gr
104047,GR,gr
179739,GR,gr
104225,GR,gr
104118,GR,gr
104485,GR,gr
104519,GR,gr
104680,GR,gr
104715,GR,gr
104788,GR,gr
104831,GR,gr
179775,GR,gr
104975,GR,gr
105106,GR,gr
100549,GR,gr
105295,GR,gr
105348,GR,gr
154709,GR,gr
105623,GR,gr
105776,GR,gr
105874,GR,gr
105972,GR,gr
105909,GR,gr
40198,BV,bv
40241,BV,bv
40278,BV,bv
40438,BV,bv
40214,BV,bv
40303,BV,bv
40367,BV,bv
40394,BV,bv
40465,BV,bv
40492,BV,bv
40526,BV,bv
42498,BV,bv
40544,BV,bv
40606,BV,bv
40633,BV,bv
40688,BV,bv
40704,BV,bv
40768,BV,bv
40820,BV,bv
40857,BV,bv
40900,BV,bv
42456,BV,bv
42480,BV,bv
40928,BV,bv
40955,BV,bv
40991,BV,bv
41033,BV,bv
41088,BV,bv
41113,BV,bv
41177,BV,bv
42472,BV,bv
41248,BV,bv
41284,BV,bv
41346,BV,bv
41382,BV,bv
41417,BV,bv
41471,BV,bv
41541,BV,bv
41578,BV,bv
41621,BV,bv
41667,BV,bv
41701,BV,bv
41738,BV,bv
42464,BV,bv
41925,BV,bv
41818,BV,bv
41854,BV,bv
42449,BV,bv
41943,BV,bv
42003,BV,bv
42058,BV,bv
42076,BV,bv
42101,BV,bv
42156,BV,bv
42183,BV,bv
42236,BV,bv
42307,BV,bv
42398,BV,bv
161945,VS,vs
161794,VS,vs
161829,VS,vs
164981,VS,vs
161856,VS,vs
162014,VS,vs
162069,VS,vs
162149,VS,vs
162194,VS,vs
162327,VS,vs
162381,VS,vs
162452,VS,vs
162498,VS,vs
162559,VS,vs
162595,VS,vs
162693,VS,vs
162791,VS,vs
162871,VS,vs
162924,VS,vs
167268,VS,vs
163002,VS,vs
163057,VS,vs
163137,VS,vs
167277,VS,vs
163208,VS,vs
163253,VS,vs
163324,VS,vs
163379,VS,vs
164277,VS,vs
167286,VS,vs
163486,VS,vs
163618,VS,vs
163681,VS,vs
163734,VS,vs
163789,VS,vs
163832,VS,vs
167295,VS,vs
167231,VS,vs
163903,VS,vs
164062,VS,vs
163967,VS,vs
164133,VS,vs
164197,VS,vs
164339,VS,vs
167222,VS,vs
164393,VS,vs
164543,VS,vs
164598,VS,vs
164687,VS,vs
164749,VS,vs
164829,VS,vs
164892,VS,vs
164936,VS,vs
167302,VS,vs
165069,VS,vs
165130,VS,vs
165185,VS,vs
165274,VS,vs
167311,VS,vs
165416,VS,vs
167259,VS,vs
165336,VS,vs
165470,VS,vs
165611,VS,vs
167320,VS,vs
167240,VS,vs
165719,VS,vs
165817,VS,vs
165899,VS,vs
165979,VS,vs
166057,VS,vs
166137,VS,vs
166182,VS,vs
166235,VS,vs
166315,VS,vs
166413,VS,vs
166529,VS,vs
166636,VS,vs
166672,VS,vs
166707,VS,vs
166770,VS,vs
166869,VS,vs
166985,VS,vs
167035,VS,vs
167071,VS,vs
167179,VS,vs
63394,CV,cv
63740,CV,cv
63447,CV,cv
63526,CV,cv
63580,CV,cv
63777,CV,cv
65113,CV,cv
63633,CV,cv
63802,CV,cv
63866,CV,cv
65121,CV,cv
63893,CV,cv
63937,CV,cv
64005,CV,cv
64041,CV,cv
64096,CV,cv
64130,CV,cv
64194,CV,cv
64238,CV,cv
63553,CV,cv
65147,CV,cv
64265,CV,cv
65154,CV,cv
64318,CV,cv
64345,CV,cv
64390,CV,cv
64425,CV,cv
64461,CV,cv
64504,CV,cv
65105,CV,cv
65139,CV,cv
64568,CV,cv
64602,CV,cv
64639,CV,cv
64719,CV,cv
64773,CV,cv
64826,CV,cv
63688,CV,cv
64871,CV,cv
64906,CV,cv
65099,CV,cv
64942,CV,cv
64997,CV,cv
65011,CV,cv
65048,CV,cv
106318,MM,mm
106559,MM,mm
106684,MM,mm
106746,MM,mm
106782,MM,mm
108017,MM,mm
108892,MM,mm
108963,MM,mm
109176,MM,mm
106461,MM,mm
106817,MM,mm
109265,MM,mm
106979,MM,mm
107001,MM,mm
107047,MM,mm
107083,MM,mm
107118,MM,mm
107154,MM,mm
107190,MM,mm
107314,MM,mm
107234,MM,mm
107270,MM,mm
107350,MM,mm
107403,MM,mm
107430,MM,mm
107485,MM,mm
107519,MM,mm
107546,MM,mm
107715,MM,mm
107582,MM,mm
107662,MM,mm
179837,MM,mm
179846,MM,mm
107733,MM,mm
107868,MM,mm
107920,MM,mm
107975,MM,mm
108035,MM,mm
108106,MM,mm
179855,MM,mm
108151,MM,mm
106363,MM,mm
179622,MM,mm
108204,MM,mm
108222,MM,mm
108240,MM,mm
108268,MM,mm
108348,MM,mm
108366,MM,mm
108400,MM,mm
179864,MM,mm
108455,MM,mm
108473,MM,mm
179604,MM,mm
106407,MM,mm
108491,MM,mm
108552,MM,mm
108598,MM,mm
108614,MM,mm
108632,MM,mm
108669,MM,mm
108696,MM,mm
106620,MM,mm
108712,MM,mm
108794,MM,mm
108874,MM,mm
108918,MM,mm
108945,MM,mm
109005,MM,mm
109041,MM,mm
179613,MM,mm
109096,MM,mm
106648,MM,mm
109354,MM,mm
109425,MM,mm
109504,MM,mm
9262,AR,ar
9459,AR,ar
9495,AR,ar
9538,AR,ar
9574,AR,ar
9627,AR,ar
9654,AR,ar
11584,AR,ar
12091,AR,ar
9690,AR,ar
9743,AR,ar
9798,AR,ar
9832,AR,ar
9887,AR,ar
10051,AR,ar
10104,AR,ar
9930,AR,ar
10006,AR,ar
10195,AR,ar
10239,AR,ar
10293,AR,ar
10346,AR,ar
10373,AR,ar
10417,AR,ar
10453,AR,ar
10514,AR,ar
10532,AR,ar
10649,AR,ar
10701,AR,ar
12912,AR,ar
9280,AR,ar
10827,AR,ar
12920,AR,ar
10872,AR,ar
10916,AR,ar
10943,AR,ar
11058,AR,ar
11174,AR,ar
11236,AR,ar
11307,AR,ar
11352,AR,ar
9333,AR,ar
11398,AR,ar
11423,AR,ar
11478,AR,ar
11502,AR,ar
11539,AR,ar
11637,AR,ar
11664,AR,ar
11735,AR,ar
11762,AR,ar
11842,AR,ar
11940,AR,ar
11995,AR,ar
12037,AR,ar
12055,AR,ar
12126,AR,ar
12144,AR,ar
12206,AR,ar
12224,AR,ar
12242,AR,ar
12288,AR,ar
12340,AR,ar
12368,AR,ar
12402,AR,ar
9360,AR,ar
12457,AR,ar
12509,AR,ar
10765,AR,ar
12572,AR,ar
12689,AR,ar
12643,AR,ar
9397,AR,ar
12778,AR,ar
12938,AR,ar
12812,AR,ar
12849,AR,ar
12876,AR,ar
20297,BC,bc
20876,BC,bc
20563,BC,bc
20778,BC,bc
20821,BC,bc
22166,BC,bc
20910,BC,bc
20965,BC,bc
21007,BC,bc
21098,BC,bc
21123,BC,bc
21196,BC,bc
21454,BC,bc
21249,BC,bc
21338,BC,bc
21418,BC,bc
21506,BC,bc
21560,BC,bc
21597,BC,bc
26338,BC,bc
21668,BC,bc
21720,BC,bc
21757,BC,bc
21855,BC,bc
21891,BC,bc
21971,BC,bc
22059,BC,bc
22111,BC,bc
22237,BC,bc
22380,BC,bc
22460,BC,bc
22488,BC,bc
22576,BC,bc
22665,BC,bc
22781,BC,bc
22718,BC,bc
26346,BC,bc
22834,BC,bc
20607,BC,bc
22898,BC,bc
20313,BC,bc
22941,BC,bc
23047,BC,bc
26379,BC,bc
23127,BC,bc
20359,BC,bc
23207,BC,bc
23289,BC,bc
23350,BC,bc
23387,BC,bc
20411,BC,bc
23449,BC,bc
20466,BC,bc
23494,BC,bc
23644,BC,bc
23715,BC,bc
26353,BC,bc
23797,BC,bc
23868,BC,bc
23948,BC,bc
23975,BC,bc
24034,BC,bc
24089,BC,bc
24187,BC,bc
24276,BC,bc
24338,BC,bc
24427,BC,bc
24524,BC,bc
24631,BC,bc
26361,BC,bc
24711,BC,bc
24766,BC,bc
24837,BC,bc
24999,BC,bc
25068,BC,bc
25148,BC,bc
26320,BC,bc
25228,BC,bc
25291,BC,bc
25362,BC,bc
25488,BC,bc
25521,BC,bc
25629,BC,bc
20670,BC,bc
25692,BC,bc
25745,BC,bc
25825,BC,bc
25861,BC,bc
25932,BC,bc
26029,BC,bc
26083,BC,bc
26118,BC,bc
26289,BC,bc
42682,BR,br
42753,BR,br
43331,BR,br
43411,BR,br
42824,BR,br
42842,BR,br
42913,BR,br
44560,BR,br
42708,BR,br
42968,BR,br
43019,BR,br
43073,BR,br
43117,BR,br
43180,BR,br
43242,BR,br
43279,BR,br
43313,BR,br
43466,BR,br
43493,BR,br
43563,BR,br
43625,BR,br
43652,BR,br
43698,BR,br
43732,BR,br
43787,BR,br
43812,BR,br
43867,BR,br
43929,BR,br
43992,BR,br
44060,BR,br
44113,BR,br
42771,BR,br
44140,BR,br
44177,BR,br
44202,BR,br
44257,BR,br
44300,BR,br
44328,BR,br
44355,BR,br
44391,BR,br
44435,BR,br
44462,BR,br
44505,BR,br
44532,BR,br
159614,TL,tl
159650,TL,tl
159687,TL,tl
159730,TL,tl
159767,TL,tl
159785,TL,tl
159847,TL,tl
161552,TL,tl
159883,TL,tl
159945,TL,tl
159963,TL,tl
160092,TL,tl
160047,TL,tl
160127,TL,tl
160172,TL,tl
160225,TL,tl
160261,TL,tl
160305,TL,tl
160323,TL,tl
160387,TL,tl
160430,TL,tl
160458,TL,tl
160476,TL,tl
160528,TL,tl
161525,TL,tl
160564,TL,tl
160617,TL,tl
160644,TL,tl
160680,TL,tl
160724,TL,tl
160779,TL,tl
160831,TL,tl
160877,TL,tl
160911,TL,tl
160993,TL,tl
161035,TL,tl
161053,TL,tl
161106,TL,tl
161133,TL,tl
161151,TL,tl
161179,TL,tl
161231,TL,tl
161259,TL,tl
161286,TL,tl
161302,TL,tl
161348,TL,tl
161384,TL,tl
161464,TL,tl
161482,TL,tl
161561,TL,tl
161543,TL,tl
83320,HR,hr
83561,HR,hr
83133,HR,hr
83632,HR,hr
83428,HR,hr
83464,HR,hr
83491,HR,hr
83525,HR,hr
83749,HR,hr
83785,HR,hr
83847,HR,hr
83936,HR,hr
83151,HR,hr
83963,HR,hr
84102,HR,hr
86461,HR,hr
83981,HR,hr
84086,HR,hr
84148,HR,hr
84175,HR,hr
86446,HR,hr
84237,HR,hr
84380,HR,hr
84264,HR,hr
84344,HR,hr
83197,HR,hr
84415,HR,hr
84460,HR,hr
84558,HR,hr
84594,HR,hr
86479,HR,hr
84629,HR,hr
84656,HR,hr
84754,HR,hr
84825,HR,hr
86438,HR,hr
84923,HR,hr
85056,HR,hr
85074,HR,hr
85127,HR,hr
85243,HR,hr
83375,HR,hr
85289,HR,hr
86487,HR,hr
85341,HR,hr
86495,HR,hr
85412,HR,hr
86501,HR,hr
85467,HR,hr
85528,HR,hr
85680,HR,hr
85760,HR,hr
85788,HR,hr
85840,HR,hr
86519,HR,hr
85582,HR,hr
85626,HR,hr
85877,HR,hr
85920,HR,hr
85984,HR,hr
86453,HR,hr
86133,HR,hr
86188,HR,hr
86222,HR,hr
86311,HR,hr
86339,HR,hr
86366,HR,hr
60419,CT,ct
60482,CT,ct
60847,CT,ct
60776,CT,ct
60455,CT,ct
60801,CT,ct
62360,CT,ct
60507,CT,ct
62397,CT,ct
60687,CT,ct
60534,CT,ct
60598,CT,ct
60883,CT,ct
60570,CT,ct
60945,CT,ct
61005,CT,ct
63198,CT,ct
61069,CT,ct
63294,CT,ct
61121,CT,ct
61167,CT,ct
61210,CT,ct
61256,CT,ct
61283,CT,ct
61318,CT,ct
61372,CT,ct
61452,CT,ct
61513,CT,ct
63286,CT,ct
61559,CT,ct
61620,CT,ct
63300,CT,ct
61675,CT,ct
61737,CT,ct
63161,CT,ct
63334,CT,ct
61808,CT,ct
61826,CT,ct
63326,CT,ct
63278,CT,ct
61871,CT,ct
61951,CT,ct
62020,CT,ct
60632,CT,ct
62057,CT,ct
63152,CT,ct
62137,CT,ct
62253,CT,ct
62191,CT,ct
62280,CT,ct
62440,CT,ct
62486,CT,ct
62538,CT,ct
62609,CT,ct
62672,CT,ct
62707,CT,ct
62761,CT,ct
62798,CT,ct
63318,CT,ct
62823,CT,ct
62878,CT,ct
62903,CT,ct
62949,CT,ct
62985,CT,ct
63045,CT,ct
63072,CT,ct
63189,CT,ct
60721,CT,ct
63125,CT,ct
63170,CT,ct
120726,NT,nt
120860,NT,nt
120968,NT,nt
124117,NT,nt
121055,NT,nt
121108,NT,nt
124938,NT,nt
121153,NT,nt
121242,NT,nt
121466,NT,nt
121297,NT,nt
121340,NT,nt
121386,NT,nt
121607,NT,nt
125178,NT,nt
121652,NT,nt
121732,NT,nt
121796,NT,nt
121876,NT,nt
121938,NT,nt
122061,NT,nt
122025,NT,nt
120888,NT,nt
122132,NT,nt
122187,NT,nt
122249,NT,nt
122285,NT,nt
125098,NT,nt
122347,NT,nt
122392,NT,nt
125132,NT,nt
122463,NT,nt
120771,NT,nt
122551,NT,nt
122613,NT,nt
125150,NT,nt
122828,NT,nt
122668,NT,nt
125114,NT,nt
122702,NT,nt
122864,NT,nt
122908,NT,nt
122953,NT,nt
120922,NT,nt
123013,NT,nt
123102,NT,nt
123175,NT,nt
123228,NT,nt
125169,NT,nt
123255,NT,nt
123371,NT,nt
125141,NT,nt
123601,NT,nt
123424,NT,nt
123479,NT,nt
123521,NT,nt
123674,NT,nt
123790,NT,nt
123709,NT,nt
123914,NT,nt
123969,NT,nt
124028,NT,nt
124073,NT,nt
125105,NT,nt
124153,NT,nt
124206,NT,nt
120824,NT,nt
124233,NT,nt
124331,NT,nt
124411,NT,nt
124493,NT,nt
124563,NT,nt
124616,NT,nt
124634,NT,nt
124661,NT,nt
124723,NT,nt
124750,NT,nt
124803,NT,nt
124849,NT,nt
124885,NT,nt
125123,NT,nt
125016,NT,nt
125061,NT,nt
44818,BZ,bz
44845,BZ,bz
47916,BZ,bz
48325,BZ,bz
48744,BZ,bz
44863,BZ,bz
44934,BZ,bz
44989,BZ,bz
45003,BZ,bz
45101,BZ,bz
45245,BZ,bz
45334,BZ,bz
45361,BZ,bz
45389,BZ,bz
45496,BZ,bz
45539,BZ,bz
45619,BZ,bz
45673,BZ,bz
45815,BZ,bz
45753,BZ,bz
45888,BZ,bz
45959,BZ,bz
46019,BZ,bz
46108,BZ,bz
46180,BZ,bz
46251,BZ,bz
46313,BZ,bz
46377,BZ,bz
46439,BZ,bz
46484,BZ,bz
46554,BZ,bz
50564,BZ,bz
46769,BZ,bz
46803,BZ,bz
46830,BZ,bz
46867,BZ,bz
46910,BZ,bz
47006,BZ,bz
47079,BZ,bz
47159,BZ,bz
47186,BZ,bz
47300,BZ,bz
47337,BZ,bz
47373,BZ,bz
47417,BZ,bz
47630,BZ,bz
47453,BZ,bz
47578,BZ,bz
47774,BZ,bz
47818,BZ,bz
47854,BZ,bz
48021,BZ,bz
48138,BZ,bz
48165,BZ,bz
48227,BZ,bz
48557,BZ,bz
48487,BZ,bz
48682,BZ,bz
48771,BZ,bz
48842,BZ,bz
48922,BZ,bz
48968,BZ,bz
49019,BZ,bz
49046,BZ,bz
49073,BZ,bz
49153,BZ,bz
49206,BZ,bz
49233,BZ,bz
49313,BZ,bz
49439,BZ,bz
49484,BZ,bz
49545,BZ,bz
49625,BZ,bz
49643,BZ,bz
49769,BZ,bz
49849,BZ,bz
49894,BZ,bz
50549,BZ,bz
49956,BZ,bz
50022,BZ,bz
50068,BZ,bz
50399,BZ,bz
50102,BZ,bz
50228,BZ,bz
50326,BZ,bz
50415,BZ,bz
50479,BZ,bz
50790,CS,cs
51010,CS,cs
50889,CS,cs
50923,CS,cs
50969,CS,cs
51056,CS,cs
51118,CS,cs
51207,CS,cs
51243,CS,cs
51305,CS,cs
51332,CS,cs
51387,CS,cs
51449,CS,cs
51500,CS,cs
51546,CS,cs
51573,CS,cs
51626,CS,cs
51662,CS,cs
51699,CS,cs
51751,CS,cs
51804,CS,cs
51840,CS,cs
51948,CS,cs
51984,CS,cs
52035,CS,cs
51877,CS,cs
52062,CS,cs
52115,CS,cs
52160,CS,cs
53489,CS,cs
52570,CS,cs
52650,CS,cs
52696,CS,cs
52721,CS,cs
53700,CS,cs
52758,CS,cs
52785,CS,cs
52856,CS,cs
52909,CS,cs
52936,CS,cs
52954,CS,cs
52990,CS,cs
53023,CS,cs
53069,CS,cs
53103,CS,cs
53130,CS,cs
53167,CS,cs
53210,CS,cs
53247,CS,cs
53274,CS,cs
53327,CS,cs
53345,CS,cs
53372,CS,cs
50987,CS,cs
53425,CS,cs
53513,CS,cs
53577,CS,cs
53639,CS,cs
53675,CS,cs
53728,CS,cs
53755,CS,cs
53791,CS,cs
53853,CS,cs
54056,CS,cs
54109,CS,cs
54163,CS,cs
54350,CS,cs
54270,CS,cs
54305,CS,cs
54387,CS,cs
54412,CS,cs
54485,CS,cs
54500,CS,cs
54537,CS,cs
54573,CS,cs
54617,CS,cs
54699,CS,cs
95060,IS,is
95391,IS,is
95355,IS,is
98373,IS,is
95471,IS,is
95612,IS,is
95667,IS,is
95747,IS,is
100273,IS,is
95792,IS,is
95088,IS,is
95872,IS,is
95943,IS,is
96058,IS,is
96110,IS,is
96147,IS,is
100362,IS,is
96192,IS,is
96254,IS,is
96334,IS,is
96370,IS,is
100282,IS,is
96423,IS,is
96478,IS,is
96593,IS,is
96637,IS,is
96664,IS,is
96717,IS,is
96815,IS,is
96888,IS,is
96904,IS,is
100308,IS,is
96940,IS,is
97009,IS,is
100317,IS,is
97063,IS,is
97090,IS,is
97189,IS,is
97241,IS,is
97321,IS,is
97394,IS,is
97438,IS,is
100326,IS,is
97465,IS,is
95159,IS,is
97517,IS,is
95499,IS,is
97553,IS,is
97606,IS,is
97679,IS,is
97722,IS,is
97777,IS,is
97811,IS,is
97875,IS,is
97919,IS,is
98051,IS,is
98113,IS,is
98168,IS,is
98202,IS,is
98220,IS,is
98257,IS,is
98300,IS,is
98337,IS,is
98435,IS,is
98505,IS,is
98603,IS,is
98649,IS,is
100335,IS,is
98685,IS,is
95239,IS,is
98738,IS,is
100344,IS,is
98774,IS,is
98916,IS,is
98827,IS,is
98998,IS,is
99058,IS,is
99101,IS,is
99165,IS,is
99209,IS,is
99290,IS,is
99370,IS,is
99441,IS,is
99478,IS,is
99539,IS,is
95293,IS,is
99600,IS,is
99673,IS,is
99780,IS,is
99879,IS,is
99922,IS,is
96003,IS,is
100353,IS,is
99968,IS,is
100086,IS,is
100004,IS,is
100148,IS,is
100219,IS,is
86687,HD,hd
87291,HD,hd
86810,HD,hd
87059,HD,hd
87638,HD,hd
86990,HD,hd
87175,HD,hd
87219,HD,hd
87424,HD,hd
89561,HD,hd
87576,HD,hd
87077,HD,hd
87665,HD,hd
87139,HD,hd
87745,HD,hd
87843,HD,hd
87996,HD,hd
88047,HD,hd
88092,HD,hd
87246,HD,hd
88216,HD,hd
88261,HD,hd
88350,HD,hd
88449,HD,hd
88546,HD,hd
88644,HD,hd
88788,HD,hd
88868,HD,hd
88920,HD,hd
89026,HD,hd
89080,HD,hd
86749,HD,hd
89151,HD,hd
89240,HD,hd
87362,HD,hd
89348,HD,hd
89428,HD,hd
91731,HD,hd
86883,HD,hd
89687,HD,hd
89801,HD,hd
89856,HD,hd
89954,HD,hd
90066,HD,hd
90119,HD,hd
90208,HD,hd
90262,HD,hd
90342,HD,hd
90431,HD,hd
90538,HD,hd
90663,HD,hd
90725,HD,hd
90878,HD,hd
90805,HD,hd
90994,HD,hd
91054,HD,hd
91116,HD,hd
91232,HD,hd
91330,HD,hd
86936,HD,hd
91447,HD,hd
91535,HD,hd
91624,HD,hd
91688,HD,hd
91795,HD,hd
91937,HD,hd
91982,HD,hd
92097,HD,hd
92177,HD,hd
69900,DJ,dj
70316,DJ,dj
70352,DJ,dj
70879,DJ,dj
72007,DJ,dj
70414,DJ,dj
70502,DJ,dj
70520,DJ,dj
70566,DJ,dj
70637,DJ,dj
70673,DJ,dj
70726,DJ,dj
70744,DJ,dj
70940,DJ,dj
70897,DJ,dj
70968,DJ,dj
70986,DJ,dj
71126,DJ,dj
71199,DJ,dj
71055,DJ,dj
71260,DJ,dj
69964,DJ,dj
71340,DJ,dj
71457,DJ,dj
71518,DJ,dj
71536,DJ,dj
71572,DJ,dj
74842,DJ,dj
71607,DJ,dj
74859,DJ,dj
74867,DJ,dj
71634,DJ,dj
71698,DJ,dj
71723,DJ,dj
71787,DJ,dj
71812,DJ,dj
71858,DJ,dj
71885,DJ,dj
71910,DJ,dj
74875,DJ,dj
71956,DJ,dj
72034,DJ,dj
72052,DJ,dj
72098,DJ,dj
74883,DJ,dj
72150,DJ,dj
72221,DJ,dj
72276,DJ,dj
72383,DJ,dj
74891,DJ,dj
72579,DJ,dj
72409,DJ,dj
74907,DJ,dj
74915,DJ,dj
72463,DJ,dj
72506,DJ,dj
72533,DJ,dj
72604,DJ,dj
72640,DJ,dj
72677,DJ,dj
72819,DJ,dj
70094,DJ,dj
72882,DJ,dj
74923,DJ,dj
72926,DJ,dj
72953,DJ,dj
73031,DJ,dj
73068,DJ,dj
72980,DJ,dj
73013,DJ,dj
73317,DJ,dj
73102,DJ,dj
73246,DJ,dj
73335,DJ,dj
73371,DJ,dj
73460,DJ,dj
73503,DJ,dj
73567,DJ,dj
73594,DJ,dj
73629,DJ,dj
73665,DJ,dj
73709,DJ,dj
74931,DJ,dj
70110,DJ,dj
73736,DJ,dj
73772,DJ,dj
73852,DJ,dj
73905,DJ,dj
73923,DJ,dj
74949,DJ,dj
73996,DJ,dj
74028,DJ,dj
74073,DJ,dj
74108,DJ,dj
74135,DJ,dj
74171,DJ,dj
74224,DJ,dj
74242,DJ,dj
70174,DJ,dj
74956,DJ,dj
74322,DJ,dj
74359,DJ,dj
74411,DJ,dj
74509,DJ,dj
74536,DJ,dj
74554,DJ,dj
74581,DJ,dj
74732,DJ,dj
74750,DJ,dj
74616,DJ,dj
74705,DJ,dj
109773,MH,mh
110063,MH,mh
109924,MH,mh
110116,MH,mh
110232,MH,mh
110296,MH,mh
110456,MH,mh
110535,MH,mh
110571,MH,mh
110688,MH,mh
114060,MH,mh
110740,MH,mh
110820,MH,mh
110875,MH,mh
110946,MH,mh
111006,MH,mh
111097,MH,mh
111220,MH,mh
111275,MH,mh
111417,MH,mh
111444,MH,mh
111550,MH,mh
111480,MH,mh
112904,MH,mh
111587,MH,mh
112245,MH,mh
111685,MH,mh
111783,MH,mh
111818,MH,mh
111863,MH,mh
111916,MH,mh
111989,MH,mh
112030,MH,mh
112076,MH,mh
112129,MH,mh
112263,MH,mh
112334,MH,mh
112370,MH,mh
112469,MH,mh
112548,MH,mh
112600,MH,mh
112664,MH,mh
112744,MH,mh
110027,MH,mh
112771,MH,mh
112806,MH,mh
112879,MH,mh
112959,MH,mh
112995,MH,mh
113153,MH,mh
113206,MH,mh
113233,MH,mh
113395,MH,mh
113466,MH,mh
113493,MH,mh
113518,MH,mh
113607,MH,mh
109826,MH,mh
113625,MH,mh
113698,MH,mh
113732,MH,mh
113849,MH,mh
113894,MH,mh
113929,MH,mh
113974,MH,mh
114079,MH,mh
65342,DB,db
65841,DB,db
65609,DB,db
65681,DB,db
65921,DB,db
68627,DB,db
66081,DB,db
65379,DB,db
66198,DB,db
66223,DB,db
66330,DB,db
66401,DB,db
66152,DB,db
66009,DB,db
101341,DB,db
66438,DB,db
66474,DB,db
101564,DB,db
66526,DB,db
101840,DB,db
66580,DB,db
66697,DB,db
66731,DB,db
66768,DB,db
66857,DB,db
66955,DB,db
67014,DB,db
67121,DB,db
67167,DB,db
102286,DB,db
67256,DB,db
67292,DB,db
65413,DB,db
67327,DB,db
67407,DB,db
67470,DB,db
67522,DB,db
65707,DB,db
67595,DB,db
67648,DB,db
67675,DB,db
67737,DB,db
65869,DB,db
67773,DB,db
67835,DB,db
67906,DB,db
67942,DB,db
68002,DB,db
68048,DB,db
68128,DB,db
68182,DB,db
68253,DB,db
65645,DB,db
104387,DB,db
68280,DB,db
68324,DB,db
68342,DB,db
179935,DB,db
65752,DB,db
179908,DB,db
68404,DB,db
68431,DB,db
68468,DB,db
68529,DB,db
68565,DB,db
179891,DB,db
179926,DB,db
65431,DB,db
179917,DB,db
68716,DB,db
68789,DB,db
105142,DB,db
68887,DB,db
65477,DB,db
105534,DB,db
68921,DB,db
68976,DB,db
65501,DB,db
69063,DB,db
69170,DB,db
69250,DB,db
69303,DB,db
69447,DB,db
69330,DB,db
69394,DB,db
179711,DB,db
69526,DB,db
69615,DB,db
179640,DB,db
54975,CJ,cj
55357,CJ,cj
55008,CJ,cj
55384,CJ,cj
55259,CJ,cj
55446,CJ,cj
55473,CJ,cj
55598,CJ,cj
55623,CJ,cj
55687,CJ,cj
55776,CJ,cj
55838,CJ,cj
55918,CJ,cj
56014,CJ,cj
56096,CJ,cj
56210,CJ,cj
56265,CJ,cj
56327,CJ,cj
56354,CJ,cj
56425,CJ,cj
56461,CJ,cj
56522,CJ,cj
56568,CJ,cj
56666,CJ,cj
56773,CJ,cj
57314,CJ,cj
56844,CJ,cj
56988,CJ,cj
57083,CJ,cj
57163,CJ,cj
57225,CJ,cj
57350,CJ,cj
57449,CJ,cj
55062,CJ,cj
57546,CJ,cj
57582,CJ,cj
57644,CJ,cj
57706,CJ,cj
57742,CJ,cj
57948,CJ,cj
57831,CJ,cj
57902,CJ,cj
58008,CJ,cj
58142,CJ,cj
58204,CJ,cj
55106,CJ,cj
58259,CJ,cj
58311,CJ,cj
58357,CJ,cj
58393,CJ,cj
58464,CJ,cj
58534,CJ,cj
55160,CJ,cj
55277,CJ,cj
58552,CJ,cj
58623,CJ,cj
58721,CJ,cj
60169,CJ,cj
58856,CJ,cj
58794,CJ,cj
58918,CJ,cj
58990,CJ,cj
59041,CJ,cj
59130,CJ,cj
59238,CJ,cj
59283,CJ,cj
55311,CJ,cj
59327,CJ,cj
59434,CJ,cj
59498,CJ,cj
59586,CJ,cj
59416,CJ,cj
59657,CJ,cj
59693,CJ,cj
59764,CJ,cj
59826,CJ,cj
59880,CJ,cj
59942,CJ,cj
60062,CJ,cj
60099,CJ,cj
60026,CJ,cj
151790,TR,tr
151870,TR,tr
151683,TR,tr
151905,TR,tr
151978,TR,tr
151996,TR,tr
152038,TR,tr
155083,TR,tr
155092,TR,tr
152083,TR,tr
152127,TR,tr
152172,TR,tr
152234,TR,tr
152252,TR,tr
152270,TR,tr
152314,TR,tr
152332,TR,tr
152350,TR,tr
152412,TR,tr
152467,TR,tr
152500,TR,tr
152528,TR,tr
151709,TR,tr
152564,TR,tr
152582,TR,tr
152617,TR,tr
152662,TR,tr
151932,TR,tr
152724,TR,tr
152760,TR,tr
155109,TR,tr
152797,TR,tr
152868,TR,tr
152902,TR,tr
155118,TR,tr
155127,TR,tr
152993,TR,tr
152948,TR,tr
153026,TR,tr
153062,TR,tr
151736,TR,tr
153106,TR,tr
153124,TR,tr
151763,TR,tr
153151,TR,tr
153204,TR,tr
153240,TR,tr
153277,TR,tr
153339,TR,tr
153295,TR,tr
153384,TR,tr
151816,TR,tr
153400,TR,tr
153437,TR,tr
154996,TR,tr
153473,TR,tr
153507,TR,tr
153543,TR,tr
153561,TR,tr
153589,TR,tr
153623,TR,tr
153605,TR,tr
153696,TR,tr
151834,TR,tr
155136,TR,tr
153829,TR,tr
153865,TR,tr
153909,TR,tr
155145,TR,tr
153936,TR,tr
153972,TR,tr
154308,TR,tr
154013,TR,tr
154068,TR,tr
154139,TR,tr
154184,TR,tr
154166,TR,tr
154228,TR,tr
154282,TR,tr
154344,TR,tr
154380,TR,tr
154415,TR,tr
154460,TR,tr
154497,TR,tr
154521,TR,tr
154585,TR,tr
154665,TR,tr
154736,TR,tr
154754,TR,tr
154790,TR,tr
154834,TR,tr
155154,TR,tr
154932,TR,tr
154852,TR,tr
154914,TR,tr
153776,TR,tr
154978,TR,tr
114319,MS,ms
114809,MS,ms
114514,MS,ms
114925,MS,ms
117827,MS,ms
114710,MS,ms
118281,MS,ms
119242,MS,ms
119331,MS,ms
114854,MS,ms
119894,MS,ms
114970,MS,ms
115076,MS,ms
114603,MS,ms
115147,MS,ms
115183,MS,ms
115236,MS,ms
115307,MS,ms
115389,MS,ms
115520,MS,ms
115575,MS,ms
115600,MS,ms
115637,MS,ms
115708,MS,ms
120511,MS,ms
115771,MS,ms
115824,MS,ms
115897,MS,ms
115851,MS,ms
115959,MS,ms
116046,MS,ms
120478,MS,ms
116126,MS,ms
116171,MS,ms
120487,MS,ms
116224,MS,ms
116288,MS,ms
116340,MS,ms
114355,MS,ms
116395,MS,ms
116439,MS,ms
116493,MS,ms
116545,MS,ms
116590,MS,ms
116652,MS,ms
116723,MS,ms
116796,MS,ms
116867,MS,ms
116938,MS,ms
116983,MS,ms
117042,MS,ms
117113,MS,ms
117177,MS,ms
117275,MS,ms
117319,MS,ms
117426,MS,ms
117505,MS,ms
117550,MS,ms
117667,MS,ms
117783,MS,ms
117925,MS,ms
117998,MS,ms
118058,MS,ms
120502,MS,ms
118094,MS,ms
118209,MS,ms
118370,MS,ms
118469,MS,ms
118511,MS,ms
118575,MS,ms
118637,MS,ms
118691,MS,ms
118753,MS,ms
118799,MS,ms
118824,MS,ms
118931,MS,ms
118995,MS,ms
119153,MS,ms
119206,MS,ms
120496,MS,ms
114382,MS,ms
114417,MS,ms
119386,MS,ms
119466,MS,ms
119527,MS,ms
114453,MS,ms
119590,MS,ms
119625,MS,ms
119661,MS,ms
119723,MS,ms
119750,MS,ms
119803,MS,ms
119858,MS,ms
119974,MS,ms
120076,MS,ms
120138,MS,ms
120254,MS,ms
120174,MS,ms
120218,MS,ms
120316,MS,ms
120343,MS,ms
120370,MS,ms
32394,BN,bn
32483,BN,bn
32544,BN,bn
32599,BN,bn
32633,BN,bn
32660,BN,bn
32704,BN,bn
32768,BN,bn
32811,BN,bn
32884,BN,bn
33015,BN,bn
33122,BN,bn
179953,BN,bn
32955,BN,bn
33177,BN,bn
33202,BN,bn
179686,BN,bn
33248,BN,bn
33275,BN,bn
33337,BN,bn
33364,BN,bn
33382,BN,bn
33435,BN,bn
33514,BN,bn
33541,BN,bn
33603,BN,bn
33621,BN,bn
33658,BN,bn
33729,BN,bn
33765,BN,bn
33845,BN,bn
33881,BN,bn
33952,BN,bn
179659,BN,bn
33989,BN,bn
34075,BN,bn
34155,BN,bn
34173,BN,bn
179720,BN,bn
34235,BN,bn
34262,BN,bn
34280,BN,bn
34333,BN,bn
34360,BN,bn
179944,BN,bn
34397,BN,bn
34477,BN,bn
34422,BN,bn
34547,BN,bn
34618,BN,bn
34645,BN,bn
34690,BN,bn
34770,BN,bn
34850,BN,bn
34903,BN,bn
35152,BN,bn
34985,BN,bn
35054,BN,bn
35090,BN,bn
35269,BN,bn
35312,BN,bn
35429,BN,bn
77812,GJ,gj
78141,GJ,gj
79308,GJ,gj
78258,GJ,gj
82895,GJ,gj
78329,GJ,gj
82430,GJ,gj
82617,GJ,gj
78454,GJ,gj
78472,GJ,gj
78542,GJ,gj
78604,GJ,gj
78668,GJ,gj
78711,GJ,gj
78748,GJ,gj
77910,GJ,gj
78828,GJ,gj
79004,GJ,gj
78873,GJ,gj
78926,GJ,gj
79077,GJ,gj
79157,GJ,gj
79237,GJ,gj
79362,GJ,gj
79406,GJ,gj
79497,GJ,gj
79585,GJ,gj
79736,GJ,gj
79656,GJ,gj
79834,GJ,gj
79932,GJ,gj
80043,GJ,gj
80123,GJ,gj
80249,GJ,gj
78016,GJ,gj
80285,GJ,gj
80365,GJ,gj
80427,GJ,gj
80506,GJ,gj
80560,GJ,gj
80613,GJ,gj
80677,GJ,gj
80711,GJ,gj
80766,GJ,gj
80846,GJ,gj
80908,GJ,gj
80980,GJ,gj
81095,GJ,gj
81184,GJ,gj
81264,GJ,gj
81380,GJ,gj
81415,GJ,gj
81497,GJ,gj
81576,GJ,gj
81656,GJ,gj
81754,GJ,gj
81816,GJ,gj
81987,GJ,gj
81861,GJ,gj
82047,GJ,gj
82136,GJ,gj
82243,GJ,gj
82314,GJ,gj
82396,GJ,gj
82555,GJ,gj
78089,GJ,gj
82680,GJ,gj
82733,GJ,gj
82779,GJ,gj
82831,GJ,gj
1017,AB,ab
1213,AB,ab
1348,AB,ab
1874,AB,ab
1151,AB,ab
2915,AB,ab
1455,AB,ab
1696,AB,ab
1794,AB,ab
8096,AB,ab
1936,AB,ab
2130,AB,ab
2309,AB,ab
2381,AB,ab
2577,AB,ab
2988,AB,ab
3039,AB,ab
3397,AB,ab
9026,AB,ab
3459,AB,ab
4106,AB,ab
3761,AB,ab
3805,AB,ab
3841,AB,ab
3958,AB,ab
1071,AB,ab
4008,AB,ab
4188,AB,ab
4142,AB,ab
9019,AB,ab
4240,AB,ab
4268,AB,ab
4302,AB,ab
4366,AB,ab
4482,AB,ab
4525,AB,ab
4703,AB,ab
4767,AB,ab
4927,AB,ab
4981,AB,ab
5103,AB,ab
5167,AB,ab
5210,AB,ab
5309,AB,ab
5336,AB,ab
5577,AB,ab
5700,AB,ab
5755,AB,ab
5826,AB,ab
6048,AB,ab
6119,AB,ab
6164,AB,ab
6217,AB,ab
6271,AB,ab
6397,AB,ab
6468,AB,ab
6547,AB,ab
6627,AB,ab
6592,AB,ab
6930,AB,ab
6761,AB,ab
6976,AB,ab
7044,AB,ab
7099,AB,ab
7348,AB,ab
7384,AB,ab
7197,AB,ab
7446,AB,ab
7767,AB,ab
7810,AB,ab
7865,AB,ab
7945,AB,ab
8014,AB,ab
8158,AB,ab
8229,AB,ab
8354,AB,ab
8425,AB,ab
8826,AB,ab
75098,GL,gl
75203,GL,gl
75338,GL,gl
75472,GL,gl
75515,GL,gl
75542,GL,gl
75613,GL,gl
75668,GL,gl
75686,GL,gl
75356,GL,gl
75711,GL,gl
75766,GL,gl
75819,GL,gl
75864,GL,gl
75917,GL,gl
76004,GL,gl
75953,GL,gl
76040,GL,gl
76111,GL,gl
76139,GL,gl
76157,GL,gl
77595,GL,gl
75221,GL,gl
76175,GL,gl
76255,GL,gl
76282,GL,gl
76317,GL,gl
76353,GL,gl
76406,GL,gl
76497,GL,gl
76558,GL,gl
76585,GL,gl
76601,GL,gl
76638,GL,gl
76674,GL,gl
76692,GL,gl
76718,GL,gl
76745,GL,gl
75258,GL,gl
76763,GL,gl
77579,GL,gl
76807,GL,gl
76932,GL,gl
76969,GL,gl
76996,GL,gl
77587,GL,gl
77028,GL,gl
77561,GL,gl
77082,GL,gl
77126,GL,gl
77153,GL,gl
77180,GL,gl
77224,GL,gl
77260,GL,gl
77288,GL,gl
77601,GL,gl
75114,GL,gl
77313,GL,gl
77331,GL,gl
77377,GL,gl
77402,GL,gl
77475,GL,gl
75150,GL,gl
77509,GL,gl
77536,GL,gl
26564,BH,bh
26804,BH,bh
26877,BH,bh
26975,BH,bh
26699,BH,bh
26920,BH,bh
30915,BH,bh
26840,BH,bh
32027,BH,bh
27007,BH,bh
27070,BH,bh
27169,BH,bh
26742,BH,bh
27212,BH,bh
27285,BH,bh
27329,BH,bh
27383,BH,bh
27436,BH,bh
27506,BH,bh
27560,BH,bh
27631,BH,bh
27686,BH,bh
27757,BH,bh
27846,BH,bh
27908,BH,bh
27935,BH,bh
27971,BH,bh
28077,BH,bh
28139,BH,bh
28193,BH,bh
28709,BH,bh
28246,BH,bh
28335,BH,bh
28415,BH,bh
28497,BH,bh
28530,BH,bh
28665,BH,bh
28763,BH,bh
28816,BH,bh
28889,BH,bh
28941,BH,bh
29001,BH,bh
29038,BH,bh
29092,BH,bh
29154,BH,bh
29243,BH,bh
29341,BH,bh
29403,BH,bh
32195,BH,bh
29467,BH,bh
29519,BH,bh
29573,BH,bh
29662,BH,bh
29724,BH,bh
29760,BH,bh
29813,BH,bh
29902,BH,bh
29948,BH,bh
30014,BH,bh
30069,BH,bh
30149,BH,bh
30229,BH,bh
30274,BH,bh
32161,BH,bh
30336,BH,bh
30416,BH,bh
30470,BH,bh
30568,BH,bh
30648,BH,bh
30719,BH,bh
30773,BH,bh
30844,BH,bh
32187,BH,bh
30871,BH,bh
30988,BH,bh
31011,BH,bh
31057,BH,bh
28610,BH,bh
26582,BH,bh
32179,BH,bh
26653,BH,bh
31128,BH,bh
31208,BH,bh
31262,BH,bh
31333,BH,bh
31379,BH,bh
31422,BH,bh
31510,BH,bh
31565,BH,bh
32153,BH,bh
31609,BH,bh
31654,BH,bh
31716,BH,bh
31789,BH,bh
32201,BH,bh
31841,BH,bh
31878,BH,bh
31921,BH,bh
31976,BH,bh
32090,BH,bh
32045,BH,bh
146263,SV,sv
146502,SV,sv
146539,SV,sv
146628,SV,sv
146744,SV,sv
147358,SV,sv
147633,SV,sv
148006,SV,sv
148612,SV,sv
146584,SV,sv
149227,SV,sv
146931,SV,sv
146370,SV,sv
146655,SV,sv
146708,SV,sv
151095,SV,sv
146799,SV,sv
146860,SV,sv
146904,SV,sv
151530,SV,sv
146995,SV,sv
151576,SV,sv
147036,SV,sv
147054,SV,sv
147072,SV,sv
147134,SV,sv
147161,SV,sv
147205,SV,sv
147241,SV,sv
147465,SV,sv
151521,SV,sv
147526,SV,sv
147580,SV,sv
151503,SV,sv
147713,SV,sv
151451,SV,sv
151567,SV,sv
151433,SV,sv
147786,SV,sv
151497,SV,sv
147884,SV,sv
147937,SV,sv
148097,SV,sv
148202,SV,sv
148131,SV,sv
148293,SV,sv
148328,SV,sv
148382,SV,sv
148426,SV,sv
151488,SV,sv
148453,SV,sv
148514,SV,sv
148667,SV,sv
148694,SV,sv
148729,SV,sv
148765,SV,sv
148872,SV,sv
148916,SV,sv
148970,SV,sv
151512,SV,sv
151549,SV,sv
149101,SV,sv
151479,SV,sv
149049,SV,sv
149138,SV,sv
151442,SV,sv
147660,SV,sv
146281,SV,sv
149183,SV,sv
149290,SV,sv
149316,SV,sv
149370,SV,sv
146325,SV,sv
149414,SV,sv
149502,SV,sv
149539,SV,sv
149584,SV,sv
149655,SV,sv
149682,SV,sv
149753,SV,sv
149833,SV,sv
149780,SV,sv
149851,SV,sv
151585,SV,sv
149931,SV,sv
149968,SV,sv
150043,SV,sv
150070,SV,sv
150114,SV,sv
150178,SV,sv
150196,SV,sv
150221,SV,sv
150258,SV,sv
150294,SV,sv
150310,SV,sv
150356,SV,sv
150418,SV,sv
150445,SV,sv
146432,SV,sv
151460,SV,sv
150524,SV,sv
150588,SV,sv
150702,SV,sv
150766,SV,sv
150891,SV,sv
150935,SV,sv
150980,SV,sv
151022,SV,sv
151077,SV,sv
151558,SV,sv
151120,SV,sv
151157,SV,sv
151246,SV,sv
151344,SV,sv
179221,IF,if
100576,IF,if
179285,IF,if
179409,IF,if
179481,IF,if
179515,IF,if
179533,IF,if
179551,IF,if
102543,IF,if
100834,IF,if
100969,IF,if
101145,IF,if
101298,IF,if
101742,IF,if
179249,IF,if
101902,IF,if
101957,IF,if
102035,IF,if
179588,IF,if
102160,IF,if
102213,IF,if
102473,IF,if
102525,IF,if
179310,IF,if
102570,IF,if
102605,IF,if
103130,IF,if
179347,IF,if
103443,IF,if
103513,IF,if
179383,IF,if
104243,IF,if
179463,IF,if
104421,IF,if
104546,IF,if
104582,IF,if
105160,IF,if
105419,IF,if
105570,IF,if
105936,IF,if
92658,IL,il
92701,IL,il
100683,IL,il
92836,IL,il
93067,IL,il
102749,IL,il
92765,IL,il
100754,IL,il
92783,IL,il
100852,IL,il
92872,IL,il
100870,IL,il
100923,IL,il
92907,IL,il
180064,IL,il
101056,IL,il
179784,IL,il
92989,IL,il
93021,IL,il
179793,IL,il
100709,IL,il
93101,IL,il
93156,IL,il
93209,IL,il
179971,IL,il
93236,IL,il
102240,IL,il
102641,IL,il
102703,IL,il
93575,IL,il
103283,IL,il
93600,IL,il
93628,IL,il
93646,IL,il
93717,IL,il
93735,IL,il
180046,IL,il
103862,IL,il
103960,IL,il
179800,IL,il
100736,IL,il
179980,IL,il
93995,IL,il
94045,IL,il
179999,IL,il
94081,IL,il
104270,IL,il
94107,IL,il
179819,IL,il
94161,IL,il
180000,IL,il
101243,IL,il
94269,IL,il
179828,IL,il
94330,IL,il
180019,IL,il
94376,IL,il
94429,IL,il
94456,IL,il
105026,IL,il
94492,IL,il
94535,IL,il
179702,IL,il
94688,IL,il
105794,IL,il
94795,IL,il
92569,CL,cl
100610,CL,cl
101458,CL,cl
103032,CL,cl
93888,CL,cl
94125,CL,cl
101083,CL,cl
92961,CL,cl
101724,CL,cl
101804,CL,cl
101822,CL,cl
93085,CL,cl
180055,CL,cl
102419,CL,cl
93281,CL,cl
93325,CL,cl
93370,CL,cl
93441,CL,cl
93487,CL,cl
93539,CL,cl
102838,CL,cl
102945,CL,cl
103014,CL,cl
179962,CL,cl
93664,CL,cl
103568,CL,cl
103764,CL,cl
93771,CL,cl
93815,CL,cl
93851,CL,cl
104083,CL,cl
93931,CL,cl
104181,CL,cl
100638,CL,cl
92587,CL,cl
104323,CL,cl
104341,CL,cl
94223,CL,cl
104635,CL,cl
104751,CL,cl
94312,CL,cl
104886,CL,cl
105222,CL,cl
105259,CL,cl
105384,CL,cl
94562,CL,cl
94580,CL,cl
105455,CL,cl
105605,CL,cl
94606,CL,cl
94651,CL,cl
105712,CL,cl
105829,CL,cl
94731,CL,cl
94768,CL,cl
136483,SM,sm
136526,SM,sm
136848,SM,sm
138039,SM,sm
136599,SM,sm
136642,SM,sm
136713,SM,sm
179873,SM,sm
136768,SM,sm
136802,SM,sm
136919,SM,sm
137103,SM,sm
136964,SM,sm
137032,SM,sm
137069,SM,sm
137130,SM,sm
137185,SM,sm
137229,SM,sm
137274,SM,sm
179677,SM,sm
136553,SM,sm
137292,SM,sm
137363,SM,sm
137407,SM,sm
179882,SM,sm
137443,SM,sm
137504,SM,sm
137540,SM,sm
137611,SM,sm
137675,SM,sm
137728,SM,sm
137746,SM,sm
137764,SM,sm
137844,SM,sm
137899,SM,sm
137960,SM,sm
138084,SM,sm
138164,SM,sm
138208,SM,sm
138280,SM,sm
138351,SM,sm
138431,SM,sm
138501,SM,sm
138538,SM,sm
138574,SM,sm
138618,SM,sm
180028,SM,sm
180091,SM,sm
138663,SM,sm
138734,SM,sm
138770,SM,sm
138805,SM,sm
138869,SM,sm
138921,SM,sm
139009,SM,sm
139143,SM,sm
139054,SM,sm
139107,SM,sm
139170,SM,sm
139214,SM,sm
139250,SM,sm
139287,SM,sm
139330,SM,sm
139358,SM,sm
139394,SM,sm
155243,TM,tm
155350,TM,tm
155403,TM,tm
156357,TM,tm
155458,TM,tm
156801,TM,tm
157086,TM,tm
155494,TM,tm
158314,TM,tm
155528,TM,tm
155546,TM,tm
155591,TM,tm
155662,TM,tm
155957,TM,tm
155724,TM,tm
155760,TM,tm
155797,TM,tm
155840,TM,tm
155911,TM,tm
159366,TM,tm
156035,TM,tm
156106,TM,tm
156151,TM,tm
159516,TM,tm
156213,TM,tm
156259,TM,tm
156277,TM,tm
159375,TM,tm
156311,TM,tm
156437,TM,tm
156473,TM,tm
156534,TM,tm
156589,TM,tm
156623,TM,tm
156669,TM,tm
159384,TM,tm
156712,TM,tm
156767,TM,tm
155261,TM,tm
156927,TM,tm
159393,TM,tm
157004,TM,tm
157031,TM,tm
159400,TM,tm
155289,TM,tm
157193,TM,tm
157246,TM,tm
157273,TM,tm
155314,TM,tm
157317,TM,tm
159419,TM,tm
159428,TM,tm
157362,TM,tm
157424,TM,tm
157451,TM,tm
157497,TM,tm
159491,TM,tm
157530,TM,tm
157585,TM,tm
157683,TM,tm
157736,TM,tm
157781,TM,tm
157834,TM,tm
157898,TM,tm
157923,TM,tm
157969,TM,tm
158010,TM,tm
159525,TM,tm
159437,TM,tm
159446,TM,tm
158065,TM,tm
158109,TM,tm
159507,TM,tm
158136,TM,tm
158181,TM,tm
158243,TM,tm
158396,TM,tm
158449,TM,tm
159455,TM,tm
158528,TM,tm
158564,TM,tm
158653,TM,tm
158699,TM,tm
158733,TM,tm
158608,TM,tm
158779,TM,tm
159464,TM,tm
158804,TM,tm
158859,TM,tm
158895,TM,tm
159473,TM,tm
158966,TM,tm
159035,TM,tm
159071,TM,tm
159142,TM,tm
159213,TM,tm
159482,TM,tm
159259,TM,tm
159339,TM,tm